{"client_meta":{"background_color":{"r":0.11764705926179886,"g":0.11764705926179886,"b":0.11764705926179886,"a":1},"thumbnail_size":{"width":400,"height":179},"render_coordinates":{"x":-436,"y":0,"width":4235,"height":1895}},"file_name":"Project1","developer_related_links":[]}